vdd_power, delay
 6.000e-08,3.08553e-06
 1.000e-07,2.95305e-06
 6.000e-08,3.42503e-06
 6.000e-08,2.75854e-06
 6.000e-08,2.75854e-06
