vdd_power, delay
 6.000e-08,1.00002
 6.000e-08,1.00001
 6.000e-08,1.50001
 6.000e-08,0.500018
 6.000e-08,0.500021
 6.000e-08,1.00002
 6.000e-08,1.50002
 6.000e-08,1.00002
